satellite_id,total_events,avg_collision_prob,max_collision_prob,min_distance_km,avg_distance_km,avg_relative_speed,total_hist_encounters,low_events,medium_events,high_events,critical_events,risk_score_composite,overall_risk_label
SAT_A,200,0.0048205383107945326,0.0098905373297449,0.2726506926752916,9.77964771336329,7.321094319217626,853,18,86,96,0,41.75,High
SAT_B,200,0.004774284119018297,0.0099569692945278,0.1249203654052742,9.609946305120348,7.531068681145774,920,21,88,91,0,42.9,High
SAT_C,200,0.004823898120609559,0.0097442744446249,0.2816963422957005,9.696412154074615,7.236288702128327,848,21,85,94,0,41.67,High
SAT_D,200,0.004893857897545606,0.009966093923702,0.1716677994371044,9.207639280952698,7.57015210764858,971,22,76,102,0,44.55,High
