satellite_id,x_km,y_km,z_km,altitude_km,neighbors_10km,neighbors_50km,neighbors_100km,altitude_band_km,density_risk
SAT_A,212.71257845589852,-414.6600857577368,11.26766142908946,-5904.827727177977,0,0,0,,Low
SAT_B,-178.1659203629431,-460.56857777312734,137.3788939825866,-5858.41881567637,0,0,0,,Low
SAT_C,-435.2993263843956,170.53607311340784,67.12941882490136,-5898.692457549724,0,0,0,,Low
SAT_D,44.60781847354065,-18.5497824103814,66.74383595611553,-6288.6064836617725,0,0,0,,Low
